{"cameraMode":{"drawMode":0,"name":"Shaded","section":"Shading Mode"},"sceneLighting":true,"audioPlay":false,"sceneViewState":{"m_AlwaysRefresh":false,"showFog":true,"showSkybox":false,"showFlares":true,"showImageEffects":true,"showParticleSystems":true,"showVisualEffectGraphs":true,"m_FxEnabled":true},"in2DMode":false,"pivot":{"x":1.6253470182418824,"y":0.44790029525756838,"z":1.0131514072418213},"rotation":{"x":0.5189090371131897,"y":-0.10786069184541702,"z":0.06620553135871887,"w":0.8454133868217468},"size":3.4406261444091799,"orthographic":false}