{"cameraMode":{"drawMode":0,"name":"Shaded","section":"Shading Mode"},"sceneLighting":true,"audioPlay":false,"sceneViewState":{"m_AlwaysRefresh":false,"showFog":true,"showSkybox":false,"showFlares":true,"showImageEffects":true,"showParticleSystems":true,"showVisualEffectGraphs":true,"m_FxEnabled":true},"in2DMode":false,"pivot":{"x":1.525937795639038,"y":2.7134170532226564,"z":-3.462357521057129},"rotation":{"x":0.23711787164211274,"y":0.0014572846703231335,"z":-0.00035560360993258655,"w":0.9714808464050293},"size":11.677193641662598,"orthographic":true}