{"cameraMode":{"drawMode":0,"name":"Shaded","section":"Shading Mode"},"sceneLighting":true,"audioPlay":false,"sceneViewState":{"m_AlwaysRefresh":false,"showFog":true,"showSkybox":false,"showFlares":true,"showImageEffects":true,"showParticleSystems":true,"showVisualEffectGraphs":true,"m_FxEnabled":true},"in2DMode":false,"pivot":{"x":1.5338650941848755,"y":1.4926466941833497,"z":-3.8079171180725099},"rotation":{"x":0.4682011604309082,"y":0.02703293226659298,"z":-0.014331696555018425,"w":0.8830960392951965},"size":-3.4458158016204836,"orthographic":false}